{
  "trip_distance": {
    "mean": 3.365333913191568,
    "std": 4.334893138073854,
    "hist": [
      0.09267306476326322,
      0.006882971677155714,
      0.0008822995627796015,
      5.961203778923031e-05,
      1.433821171647952e-05,
      6.237527130897871e-06,
      2.592219067386132e-06,
      9.450798683178585e-07,
      5.040425964361913e-07,
      1.5301293106098683e-07
    ],
    "bin_edges": [
      0.1,
      10.048,
      19.996000000000002,
      29.944000000000003,
      39.892,
      49.84,
      59.788000000000004,
      69.73599999999999,
      79.684,
      89.632,
      99.58
    ],
    "min": 0.1,
    "max": 99.58
  },
  "passenger_count": {
    "mean": 1.3176409869874834,
    "std": 0.7936444396701741,
    "hist": [
      1.6055235884378274,
      0.0,
      0.2668567412593937,
      0.0,
      0.0604255976788479,
      0.0,
      0.03434522893342169,
      0.0,
      0.019705867894934632,
      0.013142975795574722
    ],
    "bin_edges": [
      1.0,
      1.5,
      2.0,
      2.5,
      3.0,
      3.5,
      4.0,
      4.5,
      5.0,
      5.5,
      6.0
    ],
    "min": 1.0,
    "max": 6.0
  },
  "pickup_hour": {
    "mean": 14.357051379683849,
    "std": 5.801535314813578,
    "hist": [
      0.02501587565719755,
      0.005789278026938493,
      0.00873808847841408,
      0.047640344132322876,
      0.04065758153839883,
      0.04709076584246626,
      0.07898433135828128,
      0.06103904493111429,
      0.05261613572837347,
      0.06721116300214502
    ],
    "bin_edges": [
      0.0,
      2.3,
      4.6,
      6.8999999999999995,
      9.2,
      11.5,
      13.799999999999999,
      16.099999999999998,
      18.4,
      20.7,
      23.0
    ],
    "min": 0.0,
    "max": 23.0
  },
  "pickup_dayofweek": {
    "mean": 3.0245398404960064,
    "std": 1.9082968449847595,
    "hist": [
      0.19928463258378867,
      0.2340038981348938,
      0.0,
      0.2553643079945014,
      0.0,
      0.2726287303638612,
      0.25353576080471696,
      0.0,
      0.24695803498376556,
      0.20489130180113896
    ],
    "bin_edges": [
      0.0,
      0.6,
      1.2,
      1.7999999999999998,
      2.4,
      3.0,
      3.5999999999999996,
      4.2,
      4.8,
      5.3999999999999995,
      6.0
    ],
    "min": 0.0,
    "max": 6.0
  },
  "fare_amount": {
    "mean": 19.21463276913556,
    "std": 16.97384556146626,
    "hist": [
      0.018904273695768883,
      0.0011494630658854456,
      3.301715287931623e-05,
      8.49321038089361e-06,
      2.7950743211544345e-06,
      1.4110355877560056e-06,
      5.939307958666861e-07,
      2.699685435757664e-07,
      1.3318448149737807e-07,
      5.219391842464816e-08
    ],
    "bin_edges": [
      2.5,
      52.25,
      102.0,
      151.75,
      201.5,
      251.25,
      301.0,
      350.75,
      400.5,
      450.25,
      500.0
    ],
    "min": 2.5,
    "max": 500.0
  }
}